content,label,width,height,x_1,y_1,x_2,y_2,x_11,y_11,x_22,y_22,notes,extras
http://com.dataturks.a96-i23.open.s3.amazonaws.com/2c9fafb0646e9cf9016473f1a561002a/77d1f81a-bee6-487c-aff2-0efa31a9925c____bd7f7862-d727-11e7-ad30-e18a56154311.jpg.jpeg,number_plate,806,466,0.7220843672456576,0.5879828326180258,0.8684863523573201,0.6888412017167382,,,,,,"extras:null
"
http://com.dataturks.a96-i23.open.s3.amazonaws.com/2c9fafb0646e9cf9016473f1a561002a/4eb236a3-6547-4103-b46f-3756d21128a9___06-Sanjay-Dutt.jpg.jpeg,number_plate,494,449,0.16194331983805668,0.8507795100222717,0.582995951417004,1,,,,,,"extras:null
"
http://com.dataturks.a96-i23.open.s3.amazonaws.com/2c9fafb0646e9cf9016473f1a561002a/84969111-2ec3-4914-b3bb-da5aaac701e7___1.jpg.jpeg,number_plate,500,314,0.082,0.697452229299363,0.23,0.8280254777070064,,,,,,"extras:null
"
http://com.dataturks.a96-i23.open.s3.amazonaws.com/2c9fafb0646e9cf9016473f1a561002a/52b45060-9645-47c7-882d-b69a5bf07eff___1006372d1351343820-my-new-maruti-swift-zxi-21102012241.jpg.jpeg,number_plate,500,469,0.434,0.6673773987206824,0.718,0.7654584221748401,,,,,,"extras:null
"
http://com.dataturks.a96-i23.open.s3.amazonaws.com/2c9fafb0646e9cf9016473f1a561002a/5d08ee4a-d8e7-4fda-8959-21f263f62c25___100923d1368191518-custom-number-plates-embossedplates1.jpg.jpeg,number_plate,1001,563,0.2087912087912088,0.3907637655417407,0.8651348651348651,0.9840142095914742,,,,,,"extras:null
"
http://com.dataturks.a96-i23.open.s3.amazonaws.com/2c9fafb0646e9cf9016473f1a561002a/18d2b870-7817-46da-a59a-6406c1b472c9___1033.png,number_plate,416,431,0.2548076923076923,0.6496519721577726,0.6274038461538461,0.777262180974478,,,,,,"extras:null
"
http://com.dataturks.a96-i23.open.s3.amazonaws.com/2c9fafb0646e9cf9016473f1a561002a/8b9e7112-9149-48fb-b8e8-c3e89cce5af0___1074650_10201043987997310_227646612_o.jpg.jpeg,number_plate,551,455,0.41197822141560797,0.5296703296703297,0.8058076225045372,0.6923076923076923,,,,,,"extras:null
"
http://com.dataturks.a96-i23.open.s3.amazonaws.com/2c9fafb0646e9cf9016473f1a561002a/be483d11-33f0-4c1f-87b6-9844eea28996___1093346d1370435964-take-look-number-plate-photo.jpg.jpeg,number_plate,550,537,0.48545454545454547,0.4618249534450652,0.72,0.595903165735568,,,,,,"extras:null
"
http://com.dataturks.a96-i23.open.s3.amazonaws.com/2c9fafb0646e9cf9016473f1a561002a/ab573806-1da7-4ccf-93c8-6082e0cc15c3___1107433d1373284570-my-modded-skoda-rapid-now-166-bhp-351-nm-119-whp-per-tonne-hdr_00005_normal.jpg.jpeg,number_plate,1569,1119,0.41075794621026895,0.45371428571428574,0.5688671556642216,0.5165714285714286,,,,,,"extras:null
"
http://com.dataturks.a96-i23.open.s3.amazonaws.com/2c9fafb0646e9cf9016473f1a561002a/dfedf2ad-6596-48d4-a7f6-171e55c8f637___1160575d1383218860-high-security-registration-plates-hsrp-india-wp_20131030_16_01_22_pro.jpg.jpeg,number_plate,1632,918,0.4132029339853301,0.39710144927536234,0.58679706601467,0.6231884057971014,,,,,,"extras:null
"
http://com.dataturks.a96-i23.open.s3.amazonaws.com/2c9fafb0646e9cf9016473f1a561002a/8edca6de-d964-4027-823d-f70d3f872412___12042943_1003224833031653_9073848483429898813_n.jpg.jpeg,number_plate,642,400,0.3115264797507788,0.345,0.6573208722741433,0.5475,,,,,,"extras:null
"
http://com.dataturks.a96-i23.open.s3.amazonaws.com/2c9fafb0646e9cf9016473f1a561002a/f265077a-611f-4a18-abe5-46518b1756e6___1232700-take-look-number-plate-uploadfromtaptalk1398055489406.jpg.jpeg,number_plate,1024,769,0.33984375,0.49154746423927176,0.4873046875,0.5682704811443433,,,,,,"extras:null
"
http://com.dataturks.a96-i23.open.s3.amazonaws.com/2c9fafb0646e9cf9016473f1a561002a/11186c4c-5f17-49b1-af37-a138a1e53794___12837944763_e7c6c6381a_z.jpg.jpeg,number_plate,640,435,0.3359375,0.42758620689655175,0.6828125,0.5494252873563218,,,,,,"extras:null
"
http://com.dataturks.a96-i23.open.s3.amazonaws.com/2c9fafb0646e9cf9016473f1a561002a/8187c22d-5fa4-4976-9c00-80b2ab66b97d___1290890d1411349145-take-look-number-plate-img_20140903_093600_hdr.jpg.jpeg,number_plate,550,534,0.18,0.4157303370786517,0.44363636363636366,0.6292134831460674,,,,,,"extras:null
"
http://com.dataturks.a96-i23.open.s3.amazonaws.com/2c9fafb0646e9cf9016473f1a561002a/931dfd5a-3d1f-4a08-9234-0453545e27ea___1297127d1412798792-maruti-ciaz-official-review-imag0627.jpg.jpeg,number_plate,500,265,0.302,0.3886792452830189,0.72,0.7018867924528301,,,,,,"extras:null
"
http://com.dataturks.a96-i23.open.s3.amazonaws.com/2c9fafb0646e9cf9016473f1a561002a/8625b831-13a1-4b7d-9466-826cd6d36c67___1304650d1414861991-number-plates-merchandise-canvas-ink-gurgaon-edit-closed-10471269_1537317779842156_5063668061078329632_n.jpg.jpeg,number_plate,774,642,0.35400516795865633,0.5358255451713395,0.6679586563307494,0.6713395638629284,,,,,,"extras:null
"
http://com.dataturks.a96-i23.open.s3.amazonaws.com/2c9fafb0646e9cf9016473f1a561002a/3d7cd880-ea4b-4d63-9706-bea1df54af20___135712d1400874352-skoda-rapid-1-6tdi-cr-mt-elegance-ultima-candy-white-white-monster-1911216_676392609084007_1524722860_o.jpg.jpeg,number_plate,769,417,0.37971391417425226,0.6187050359712231,0.635890767230169,0.7673860911270983,,,,,,"extras:null
"
http://com.dataturks.a96-i23.open.s3.amazonaws.com/2c9fafb0646e9cf9016473f1a561002a/9cad4b47-6c7b-4e30-ab55-b7fa040beb56___135717d1400912281-skoda-rapid-1-6tdi-cr-mt-elegance-ultima-candy-white-white-monster-_mg_2993comp.jpg.jpeg,number_plate,468,366,0.1282051282051282,0.5901639344262295,0.3995726495726496,0.7650273224043715,,,,,,"extras:null
"
http://com.dataturks.a96-i23.open.s3.amazonaws.com/2c9fafb0646e9cf9016473f1a561002a/ae0bb069-0e7e-412a-9473-e8e0d4041cbc___135718d1400912281-skoda-rapid-1-6tdi-cr-mt-elegance-ultima-candy-white-white-monster-_mg_3000comp.jpg.jpeg,number_plate,492,393,0.6788617886178862,0.4860050890585242,0.8800813008130082,0.5954198473282443,,,,,,"extras:null
"
http://com.dataturks.a96-i23.open.s3.amazonaws.com/2c9fafb0646e9cf9016473f1a561002a/7c8229d7-7e37-41a6-9262-d5da278c8d8e___139379d1243147524-ok-have-dealers-name-number-plate-1.jpg.jpeg,number_plate,919,532,0.2850924918389554,0.35714285714285715,0.8073993471164309,0.7387218045112782,,,,,,"extras:null
"
http://com.dataturks.a96-i23.open.s3.amazonaws.com/2c9fafb0646e9cf9016473f1a561002a/3c0a3772-d18d-4ff7-861c-7e50b7974edb___1393874-take-look-number-plate-imageuploadedbyteambhp1437414250.447892.jpg.jpeg,number_plate,470,375,0.3148936170212766,0.4746666666666667,0.7553191489361702,0.7333333333333333,,,,,,"extras:null
"
http://com.dataturks.a96-i23.open.s3.amazonaws.com/2c9fafb0646e9cf9016473f1a561002a/319f51dc-9db2-4977-a43d-09561cdd54ab___1415806d1442489743t-raging-red-rover-r3-my-mahindra-scorpio-s10-4x4-nudge-guard.jpg.jpeg,number_plate,802,615,0.3403990024937656,0.004878048780487805,0.6371571072319202,0.1073170731707317,,,,,,"extras:null
"
http://com.dataturks.a96-i23.open.s3.amazonaws.com/2c9fafb0646e9cf9016473f1a561002a/7f768bfc-4c86-4fff-932d-c9871a82dce5___1431955d1446017445-number-plates-merchandise-canvas-ink-gurgaon-edit-closed-thumb_img_4422_1024.jpg.jpeg,number_plate,768,1024,0.3255208333333333,0.494140625,0.6341145833333334,0.5703125,,,,,,"extras:null
"
http://com.dataturks.a96-i23.open.s3.amazonaws.com/2c9fafb0646e9cf9016473f1a561002a/422aaf6f-dd4a-450f-ac6b-65966ab512d0___1431956d1446017445-number-plates-merchandise-canvas-ink-gurgaon-edit-closed-thumb_img_4418_1024.jpg.jpeg,number_plate,768,1024,0.375,0.4130859375,0.7447916666666666,0.484375,,,,,,"extras:null
"
http://com.dataturks.a96-i23.open.s3.amazonaws.com/2c9fafb0646e9cf9016473f1a561002a/d88b7b9c-a4f4-4af6-af3d-b3017e114e0d___146292-maruti-suzuki-wagon-r-stingray-vxi-ownership-review-dsc_01691.jpg.jpeg,number_plate,600,361,0.27,0.5484764542936288,0.7183333333333334,0.7700831024930748,,,,,,"extras:null
"
http://com.dataturks.a96-i23.open.s3.amazonaws.com/2c9fafb0646e9cf9016473f1a561002a/6578ae52-8431-4854-ba24-756888891756___1496414894_2017-maruti-suzuki-ciaz.jpg.jpeg,number_plate,624,450,0.453525641025641,0.39555555555555555,0.6939102564102564,0.4911111111111111,,,,,,"extras:null
"
http://com.dataturks.a96-i23.open.s3.amazonaws.com/2c9fafb0646e9cf9016473f1a561002a/6e772b68-a549-44e5-950e-4c376454c4e9___1557295d1474517501-toyota-innova-crysta-official-review-20160921_173216.jpg.jpeg,number_plate,600,486,0.305,0.4506172839506173,0.7616666666666667,0.6584362139917695,,,,,,"extras:null
"
http://com.dataturks.a96-i23.open.s3.amazonaws.com/2c9fafb0646e9cf9016473f1a561002a/b78553c7-977e-49a2-b3d2-42825d83c8b0___1557297d1474517501-toyota-innova-crysta-official-review-20160920_191445.jpg.jpeg,number_plate,500,399,0.098,0.46365914786967416,0.494,0.7368421052631579,,,,,,"extras:null
"
http://com.dataturks.a96-i23.open.s3.amazonaws.com/2c9fafb0646e9cf9016473f1a561002a/9d4ee451-51fb-4cf8-b41b-4637b02633cc___1570766d1477459055-your-favourite-number-plate-font-1.jpg.jpeg,number_plate,2656,1494,0.11165444172779136,0.08260869565217391,0.9119804400977995,0.4115942028985507,,,,,,"extras:null
"
http://com.dataturks.a96-i23.open.s3.amazonaws.com/2c9fafb0646e9cf9016473f1a561002a/0bf830ac-5659-434d-91b0-eb24dbdbc850___1570767d1477464646-your-favourite-number-plate-font-2.jpg.jpeg,number_plate,1600,916,0.07579462102689487,0.04700854700854701,0.93480032599837,0.36894586894586895,,,,,,"extras:null
"
http://com.dataturks.a96-i23.open.s3.amazonaws.com/2c9fafb0646e9cf9016473f1a561002a/a2f87691-b9f5-4274-ac5a-8764e9ba282c___1571669d1477648169-your-favourite-number-plate-font-13.jpg.jpeg,number_plate,1512,825,0.1882640586797066,0.21375186846038863,0.954360228198859,0.8310911808669657,,,,,,"extras:null
"
http://com.dataturks.a96-i23.open.s3.amazonaws.com/2c9fafb0646e9cf9016473f1a561002a/8dbb3ea7-8512-49e4-9ede-d4647e3b7dd2___158712081_5_1000x700_toyota-innova-v-2010-7seat-life-tax-kerala_rev001.jpg.jpeg,number_plate,1000,562,0.45,0.4928825622775801,0.568,0.6334519572953736,,,,,,"extras:null
"
http://com.dataturks.a96-i23.open.s3.amazonaws.com/2c9fafb0646e9cf9016473f1a561002a/b5b41a4b-8913-4af6-9419-ac6398d266b0___161893107_2_1000x700_innava-with-fancy-number-upload-photos.jpg.jpeg,number_plate,610,485,0.18524590163934426,0.49072164948453606,0.460655737704918,0.6474226804123712,,,,,,"extras:null
"
http://com.dataturks.a96-i23.open.s3.amazonaws.com/2c9fafb0646e9cf9016473f1a561002a/2153dfcb-5968-4bfc-86ba-7ee8ec2d25b1___163231d1425035435-skoda-rapid-tdi-remapped-code-6-tuning-ind-front.jpg.jpeg,number_plate,730,563,0.06301369863013699,0.6198934280639432,0.3589041095890411,0.7406749555950266,,,,,,"extras:null
"
http://com.dataturks.a96-i23.open.s3.amazonaws.com/2c9fafb0646e9cf9016473f1a561002a/6254bb73-d8a1-4f04-89a9-92caef98e233___1658240d1500548920-close-look-2017-skoda-octavia-facelift-hands-free-parking-front-bumper.jpg.jpeg,number_plate,3720,2472,0.3186634066829666,0.3914110429447853,0.6682966585167074,0.5484662576687117,,,,,,"extras:null
"
http://com.dataturks.a96-i23.open.s3.amazonaws.com/2c9fafb0646e9cf9016473f1a561002a/7506a48d-2c70-4b12-b300-463754bc7837___165979d1427773878-new-volkswagen-vento-2016-launched-india-vw-vento-facelift-rear-india-spotted-test.jpg.jpeg,number_plate,850,681,0.37058823529411766,0.38619676945668135,0.64,0.47283406754772395,,,,,,"extras:null
"
http://com.dataturks.a96-i23.open.s3.amazonaws.com/2c9fafb0646e9cf9016473f1a561002a/1fbaa27e-1ca4-463b-84b4-9ea91b82f27e___166073d1427874044-mahindra-scorpio-2015-review-pictures-scorpio-sting-body-colour-aplique.jpg.jpeg,number_plate,320,240,0.303125,0.4125,0.609375,0.5791666666666667,,,,,,"extras:null
"
http://com.dataturks.a96-i23.open.s3.amazonaws.com/2c9fafb0646e9cf9016473f1a561002a/b266759c-f9e9-47c1-9042-4c7aef7d441d___1711769d1514801394t-toyota-innova-crysta-2-4-gx-ownership-review-edit-10-000-km-service-done-vs.jpg.jpeg,number_plate,304,248,0.40131578947368424,0.43548387096774194,0.631578947368421,0.6854838709677419,,,,,,"extras:null
"
http://com.dataturks.a96-i23.open.s3.amazonaws.com/2c9fafb0646e9cf9016473f1a561002a/8d491254-3c69-4f90-91dd-4eb86c7824c1___184786d1447444308-new-generation-mahindra-scorpio-s10-buying-ownership-review-wp_20151113_003.jpg.jpeg,number_plate,1632,918,0.48655256723716384,0.5289855072463768,0.5590872045639772,0.5710144927536231,,,,,,"extras:null
"
http://com.dataturks.a96-i23.open.s3.amazonaws.com/2c9fafb0646e9cf9016473f1a561002a/4be1ff39-b2ad-45e0-9c9a-0e7215cbb5b6___2.jpg.jpeg,number_plate,300,225,0.02666666666666667,0.36,0.9966666666666667,0.7466666666666667,,,,,,"extras:null
"
http://com.dataturks.a96-i23.open.s3.amazonaws.com/2c9fafb0646e9cf9016473f1a561002a/12e26859-89e0-4c9b-9c59-ee793337464f___20.jpg.jpeg,number_plate,700,466,0.22142857142857142,0.3927038626609442,0.45,0.5515021459227468,,,,,,"extras:null
"
http://com.dataturks.a96-i23.open.s3.amazonaws.com/2c9fafb0646e9cf9016473f1a561002a/55aa4ee8-13fd-45bd-b83b-651ac665d71a___200560387_4_1000x700_2012-toyota-innova-diesel-130000-kms-cars.jpg.jpeg,number_plate,518,458,0.29922779922779924,0.49344978165938863,0.6544401544401545,0.6506550218340611,,,,,,"extras:null
"
http://com.dataturks.a96-i23.open.s3.amazonaws.com/2c9fafb0646e9cf9016473f1a561002a/31847e78-6696-4dc2-be08-cb37d512c576___2010_Maruti_WagonR_Review.jpg.jpeg,number_plate,500,409,0.052,0.6405867970660146,0.328,0.80440097799511,,,,,,"extras:null
"
http://com.dataturks.a96-i23.open.s3.amazonaws.com/2c9fafb0646e9cf9016473f1a561002a/631031c0-98c5-4a8f-959e-ddf3c81cd6ae___20131127_145021.jpg.jpeg,number_plate,500,257,0.052,0.0622568093385214,0.97,0.9922178988326849,,,,,,"extras:null
"
http://com.dataturks.a96-i23.open.s3.amazonaws.com/2c9fafb0646e9cf9016473f1a561002a/dd58e02d-51a5-4bfd-87af-ff51c576086e___2014-mahindra-scorpio-suv-10.jpg.jpeg,number_plate,1200,800,0.49666666666666665,0.58,0.7391666666666666,0.6625,,,,,,"extras:null
"
http://com.dataturks.a96-i23.open.s3.amazonaws.com/2c9fafb0646e9cf9016473f1a561002a/a1928183-9ebe-40f0-9a84-500aecc61474___2014-Skoda-Superb-facelift-spied-in-India.jpg.jpeg,number_plate,594,379,0.6851851851851852,0.44591029023746703,0.898989898989899,0.5646437994722955,,,,,,"extras:null
"
http://com.dataturks.a96-i23.open.s3.amazonaws.com/2c9fafb0646e9cf9016473f1a561002a/03273806-bb1e-48da-8c8b-a0133a90197a___2014-Skoda-Yeti-Test-Drive.jpg.jpeg,number_plate,588,476,0.3078231292517007,0.5861344537815126,0.6445578231292517,0.7373949579831933,,,,,,"extras:null
"
http://com.dataturks.a96-i23.open.s3.amazonaws.com/2c9fafb0646e9cf9016473f1a561002a/5b49ae32-c799-45e3-b139-9c56acf6370d___2014-Volkswagen-Polo-Review.jpg.jpeg,number_plate,1024,682,0.3876953125,0.6173020527859238,0.583984375,0.7082111436950147,,,,,,"extras:null
"
http://com.dataturks.a96-i23.open.s3.amazonaws.com/2c9fafb0646e9cf9016473f1a561002a/93b6319a-5886-48d8-8a69-07d586751553___2014-VW-Polo-facelift-first-drive-rear-number-plate.jpg.jpeg,number_plate,1280,847,0.24449877750611243,0.3435960591133005,0.8793806030969845,0.6268472906403941,,,,,,"extras:null
"
http://com.dataturks.a96-i23.open.s3.amazonaws.com/2c9fafb0646e9cf9016473f1a561002a/e54fb93b-020f-4c55-b4db-86e17ba9b9e0___2014-VW-Polo-facelift-rear-spotted-testing-in-Pune-India.jpg.jpeg,number_plate,341,368,0.33724340175953077,0.532608695652174,0.6070381231671554,0.654891304347826,,,,,,"extras:null
"
http://com.dataturks.a96-i23.open.s3.amazonaws.com/2c9fafb0646e9cf9016473f1a561002a/c06d4d42-591f-429e-92b4-20e701f89c14___2014-VW-Polo-facelift-spied-India-rear.jpg.jpeg,number_plate,960,1280,0.46041666666666664,0.5515625,0.69375,0.61640625,,,,,,"extras:null
"
http://com.dataturks.a96-i23.open.s3.amazonaws.com/2c9fafb0646e9cf9016473f1a561002a/0b24d6ed-d32f-420d-bc18-03deece29073___2015-Maruti-Ciaz-Test-Drive-Review.jpg.jpeg,number_plate,608,302,0.6101973684210527,0.6688741721854304,0.8223684210526315,0.8642384105960265,,,,,,"extras:null
"
http://com.dataturks.a96-i23.open.s3.amazonaws.com/2c9fafb0646e9cf9016473f1a561002a/e4907f73-1fbc-412c-a766-9c81bb31449c___2016-Chevrolet-TrailBlazer-India-Test-Drive-Review-e1442832290349.jpg.jpeg,number_plate,469,436,0.1044776119402985,0.6697247706422018,0.417910447761194,0.7935779816513762,,,,,,"extras:null
"
http://com.dataturks.a96-i23.open.s3.amazonaws.com/2c9fafb0646e9cf9016473f1a561002a/d4bec046-caac-4e59-bd05-44de2232d83b___2017-Skoda-Octavia-Front.jpg.jpeg,number_plate,400,278,0.52,0.5611510791366906,0.8875,0.7014388489208633,,,,,,"extras:null
"
http://com.dataturks.a96-i23.open.s3.amazonaws.com/2c9fafb0646e9cf9016473f1a561002a/6bf2730d-82bf-43ac-8802-b61315d85b96___2017-Skoda-Octavia-rear-high-revealed-for-India-images.jpg.jpeg,number_plate,400,374,0.26,0.6122994652406417,0.7025,0.7700534759358288,,,,,,"extras:null
"
http://com.dataturks.a96-i23.open.s3.amazonaws.com/2c9fafb0646e9cf9016473f1a561002a/504e7c29-e1dc-48c9-ace6-738cf934e368___2017-skoda-octavia-rs-12.jpg.jpeg,number_plate,500,269,0.562,0.6988847583643123,0.886,0.8810408921933085,,,,,,"extras:null
"
http://com.dataturks.a96-i23.open.s3.amazonaws.com/2c9fafb0646e9cf9016473f1a561002a/7cd80882-17d0-419b-9e50-760c34338038___2017-Volkswagen-Passat-Spotted-Pune.jpg.jpeg,number_plate,1024,818,0.373046875,0.48533007334963324,0.509765625,0.5403422982885085,,,,,,"extras:null
"
http://com.dataturks.a96-i23.open.s3.amazonaws.com/2c9fafb0646e9cf9016473f1a561002a/18f2e55e-0724-4eee-a28e-5d552a5aa045___20455d0e2dca458f13fbf4da5a2dc118.jpg.jpeg,number_plate,735,529,0.20136054421768707,0.3440453686200378,0.3904761904761905,0.44234404536862004,0.636734693877551,0.27977315689981097,0.8693877551020408,0.5236294896030246,,"null
"
http://com.dataturks.a96-i23.open.s3.amazonaws.com/2c9fafb0646e9cf9016473f1a561002a/23d775eb-842f-4f57-ad7a-affafa21660a___215453-new-2016-maruti-ertiga-granite-grey-zdi-shvs-highway-champion-img_8168.jpg.jpeg,number_plate,547,546,0.16819012797074953,0.4652014652014652,0.5502742230347349,0.673992673992674,,,,,,"extras:null
"
http://com.dataturks.a96-i23.open.s3.amazonaws.com/2c9fafb0646e9cf9016473f1a561002a/a9268f51-fbb4-42c2-b88c-f5ef9f8ead42___2266_7T4G0510.JPG.jpeg,number_plate,500,416,0.294,0.5625,0.714,0.7788461538461539,,,,,,"extras:null
"
http://com.dataturks.a96-i23.open.s3.amazonaws.com/2c9fafb0646e9cf9016473f1a561002a/cbd81ff4-fc2a-4cd5-bed6-0fef4c456caa___226616d1495986750-zoomcar-review-mahindra-scorpio-s4-09-pamban.jpg.jpeg,number_plate,2432,1368,0.3162184189079055,0.5304347826086957,0.4612876935615322,0.6173913043478261,,,,,,"extras:null
"
http://com.dataturks.a96-i23.open.s3.amazonaws.com/2c9fafb0646e9cf9016473f1a561002a/e719f39b-e8dd-4fe0-9a41-71123932a486___226676869_4_1000x700_maruti-suzuki-wagon-r-duo-petrol-120000-kms-2007-year-cars_rev001.jpg.jpeg,number_plate,414,432,0.2971014492753623,0.4837962962962963,0.7028985507246377,0.6041666666666666,,,,,,"extras:null
"
http://com.dataturks.a96-i23.open.s3.amazonaws.com/2c9fafb0646e9cf9016473f1a561002a/ea7090ee-ffa2-4812-9e7e-2098b1a538e6___23-500x500.jpg.jpeg,number_plate,500,245,0.012,0.04081632653061224,0.99,1,,,,,,"extras:null
"
http://com.dataturks.a96-i23.open.s3.amazonaws.com/2c9fafb0646e9cf9016473f1a561002a/712ecd95-753f-4d67-ae42-e8b5254e6e94___28iam53.jpg.jpeg,number_plate,333,500,0.10510510510510511,0.39,0.5765765765765766,0.544,,,,,,"extras:null
"
http://com.dataturks.a96-i23.open.s3.amazonaws.com/2c9fafb0646e9cf9016473f1a561002a/6ed8b283-5cf5-4727-9969-c79f70f47e80___2-cars-same-numbers.jpg.jpeg,number_plate,305,274,0.20327868852459016,0.48175182481751827,0.5737704918032787,0.6934306569343066,,,,,,"extras:null
"
http://com.dataturks.a96-i23.open.s3.amazonaws.com/2c9fafb0646e9cf9016473f1a561002a/e607d2c2-1c87-4188-be32-a96942816632___31-250x250.jpg.jpeg,number_plate,250,179,0.076,0.1340782122905028,0.996,0.9329608938547486,,,,,,"extras:null
"
http://com.dataturks.a96-i23.open.s3.amazonaws.com/2c9fafb0646e9cf9016473f1a561002a/40204d5c-c847-4437-90db-3e2d05a27761___33.jpg.jpeg,number_plate,503,439,0.1848906560636183,0.30068337129840544,0.7196819085487077,0.6469248291571754,,,,,,"extras:null
"
http://com.dataturks.a96-i23.open.s3.amazonaws.com/2c9fafb0646e9cf9016473f1a561002a/26d2b905-4055-41fe-a933-47db0e8a0a7f___37cba8c3f681f0cb5694f16a4c54aa7b.jpg.jpeg,number_plate,534,337,0.08052434456928839,0.5934718100890207,0.21348314606741572,0.7863501483679525,,,,,,"extras:null
"
http://com.dataturks.a96-i23.open.s3.amazonaws.com/2c9fafb0646e9cf9016473f1a561002a/c03a7106-1fb9-471f-bbb0-2e8f4a29759a___38e7b1109eb976088e1df2f14ac4c08c.jpg.jpeg,number_plate,736,483,0.12364130434782608,0.6128364389233955,0.2866847826086957,0.7122153209109731,0.6616847826086957,0.6335403726708074,0.7214673913043478,0.6977225672877847,,"null
"
http://com.dataturks.a96-i23.open.s3.amazonaws.com/2c9fafb0646e9cf9016473f1a561002a/967ba4a0-eb8e-4734-aa09-c7143d0404b6___39720161008_150234.jpg.jpeg,number_plate,478,395,0.3117154811715481,0.5164556962025316,0.6799163179916318,0.660759493670886,,,,,,"extras:null
"
http://com.dataturks.a96-i23.open.s3.amazonaws.com/2c9fafb0646e9cf9016473f1a561002a/59a40238-6b01-4bb9-9faf-3b595e67bcb3___3d-font-number-plate-500x500.jpg.jpeg,number_plate,446,282,0.3654708520179372,0.7588652482269503,0.6838565022421524,0.925531914893617,,,,,,"extras:null
"
http://com.dataturks.a96-i23.open.s3.amazonaws.com/2c9fafb0646e9cf9016473f1a561002a/e53076d3-c3b7-47b8-8c63-30a08b8ad983___40213__Maruti_Suzuki_Swift--016.JPG.jpeg,number_plate,500,349,0.282,0.7106017191977078,0.686,0.8939828080229226,,,,,,"extras:null
"
http://com.dataturks.a96-i23.open.s3.amazonaws.com/2c9fafb0646e9cf9016473f1a561002a/15e7c19f-da3c-4f0d-91f3-552afabc8961___41FxrEl7jHL.jpg.jpeg,number_plate,500,252,0.276,0.30952380952380953,0.762,0.7380952380952381,,,,,,"extras:null
"
http://com.dataturks.a96-i23.open.s3.amazonaws.com/2c9fafb0646e9cf9016473f1a561002a/85bd88a0-ac9a-412e-ba44-2a29d209e212___4336_1466054535_9.jpg.jpeg,number_plate,650,435,0.24769230769230768,0.4206896551724138,0.45384615384615384,0.5287356321839081,,,,,,"extras:null
"
http://com.dataturks.a96-i23.open.s3.amazonaws.com/2c9fafb0646e9cf9016473f1a561002a/e706cec0-783a-42bc-b934-64788481cd92___4-Innova-After-2.jpg.jpeg,number_plate,500,372,0.318,0.4381720430107527,0.686,0.6075268817204301,,,,,,"extras:null
"
http://com.dataturks.a96-i23.open.s3.amazonaws.com/2c9fafb0646e9cf9016473f1a561002a/fac9f4e6-c4b9-4872-86da-79d58ea2adc5___5273.jpg.jpeg,number_plate,600,337,0.6883333333333334,0.42729970326409494,0.8666666666666667,0.5519287833827893,0.16166666666666665,0.6320474777448071,0.31,0.7270029673590505,,"null
"
http://com.dataturks.a96-i23.open.s3.amazonaws.com/2c9fafb0646e9cf9016473f1a561002a/dfebb432-82cd-4154-b919-0d8be2c0d85a___5e4697c6f639f3f341b2feb170d72795af3fc998.jpg.jpeg,number_plate,500,378,0.29,0.5291005291005291,0.65,0.6613756613756614,,,,,,"extras:null
"
http://com.dataturks.a96-i23.open.s3.amazonaws.com/2c9fafb0646e9cf9016473f1a561002a/b176b317-68a9-4c38-ac39-55e5244c9b9c___60653.jpg.jpeg,number_plate,927,309,0.4886731391585761,0.3559870550161812,0.8910463861920173,0.7831715210355987,,,,,,"extras:null
"
http://com.dataturks.a96-i23.open.s3.amazonaws.com/2c9fafb0646e9cf9016473f1a561002a/581e2224-3640-4bad-9d90-c2076a9f64f4___617609.jpg.jpeg,number_plate,452,274,0.3407079646017699,0.5072992700729927,0.6592920353982301,0.708029197080292,,,,,,"extras:null
"
http://com.dataturks.a96-i23.open.s3.amazonaws.com/2c9fafb0646e9cf9016473f1a561002a/b15fe5a9-a8c3-498a-88d4-aee947949ae8___71927d1227088408-high-security-registration-plates-hsrp-india-dsc00161.jpg.jpeg,number_plate,1024,768,0.5458984375,0.5950520833333334,0.828125,0.7044270833333334,,,,,,"extras:null
"
http://com.dataturks.a96-i23.open.s3.amazonaws.com/2c9fafb0646e9cf9016473f1a561002a/3515f71d-cdd6-4050-ae68-7b7afd4c0a11___8.jpeg,number_plate,445,349,0.14606741573033707,0.3954154727793696,0.797752808988764,0.7163323782234957,,,,,,"extras:null
"
http://com.dataturks.a96-i23.open.s3.amazonaws.com/2c9fafb0646e9cf9016473f1a561002a/0369b20e-b432-4409-90f9-2420877aa386___8151536c79159a1557421da5f27f9f0e.jpg.jpeg,number_plate,480,480,0.6979166666666666,0.6354166666666666,0.9833333333333333,0.7645833333333333,,,,,,"extras:null
"
http://com.dataturks.a96-i23.open.s3.amazonaws.com/2c9fafb0646e9cf9016473f1a561002a/6d69b523-72b7-4be9-a79f-428ef8148dcd___81auoS-H8eL._SX425_.jpg.jpeg,number_plate,425,290,0.2211764705882353,0.16206896551724137,0.8470588235294118,0.7655172413793103,,,,,,"extras:null
"
http://com.dataturks.a96-i23.open.s3.amazonaws.com/2c9fafb0646e9cf9016473f1a561002a/dc8bb609-7086-431b-9c8b-9520975dabd2___822716205_6_1080x720_maruti-suzuki-ciaz-make-year-2014-petrol-.jpg.jpeg,number_plate,500,281,0.4,0.4697508896797153,0.688,0.6370106761565836,,,,,,"extras:null
"
http://com.dataturks.a96-i23.open.s3.amazonaws.com/2c9fafb0646e9cf9016473f1a561002a/a2d49f53-4121-4627-b5d9-069f8b2f8490___840256171_1_1080x720_maruti-suzuki-wagon-r-vxi-with-abs-minor-2014-petrol-erode.jpg.jpeg,number_plate,371,396,0.2776280323450135,0.5277777777777778,0.6954177897574124,0.696969696969697,,,,,,"extras:null
"
http://com.dataturks.a96-i23.open.s3.amazonaws.com/2c9fafb0646e9cf9016473f1a561002a/10c96324-3452-43e2-aa68-c8ae7d3c1b6e___844874771_1_1080x720_maruti-suzuki-wagon-r-vxi-bs-iii-2014-petrol-.jpg.jpeg,number_plate,500,457,0.292,0.5120350109409191,0.728,0.6936542669584245,,,,,,"extras:null
"
http://com.dataturks.a96-i23.open.s3.amazonaws.com/2c9fafb0646e9cf9016473f1a561002a/6f680368-4a15-464a-b314-7f9cd0f3db11___91852d1232463201-high-security-registration-plates-hsrp-india-num1.jpg.jpeg,number_plate,441,363,0.45351473922902497,0.509641873278237,0.8163265306122449,0.7245179063360881,,,,,,"extras:null
"
http://com.dataturks.a96-i23.open.s3.amazonaws.com/2c9fafb0646e9cf9016473f1a561002a/2af8ed43-b164-450f-983f-40166b36f4e8___96118762.JPG.jpeg,number_plate,1800,1200,0.4360228198859006,0.5427872860635696,0.5998370008149959,0.6185819070904646,,,,,,"extras:null
"
http://com.dataturks.a96-i23.open.s3.amazonaws.com/2c9fafb0646e9cf9016473f1a561002a/171198e7-0780-4930-9acb-482f338f457f___96118768.JPG.jpeg,number_plate,1800,1200,0.5615321923390383,0.47555012224938875,0.7921760391198044,0.6210268948655256,,,,,,"extras:null
"
http://com.dataturks.a96-i23.open.s3.amazonaws.com/2c9fafb0646e9cf9016473f1a561002a/e69f33fd-730a-46f3-9d99-edde32847161___995920d1349421647-cappuccino-beige-czech-tank-here-my-skoda-laura-2-0-elegance-mt-20121005_121433.jpg.jpeg,number_plate,2285,1714,0.3700081499592502,0.46956521739130436,0.6968215158924206,0.5728260869565217,,,,,,"extras:null
"
http://com.dataturks.a96-i23.open.s3.amazonaws.com/2c9fafb0646e9cf9016473f1a561002a/1f0a7fe8-ac9b-4b54-9d55-e11f34f9f98b___9f6521b2ddb7b8e40ffd510966ffcca3.jpg.jpeg,number_plate,462,290,0.6796536796536796,0.3586206896551724,0.8311688311688312,0.5103448275862069,,,,,,"extras:null
"
http://com.dataturks.a96-i23.open.s3.amazonaws.com/2c9fafb0646e9cf9016473f1a561002a/11ad2f1a-4cbd-4176-a4f5-3be001ec95a3___a4auto.com5140_.jpg.jpeg,number_plate,1000,562,0.606,0.5124555160142349,0.782,0.6298932384341637,,,,,,"extras:null
"
http://com.dataturks.a96-i23.open.s3.amazonaws.com/2c9fafb0646e9cf9016473f1a561002a/50dfc8ce-e3e0-4856-aeba-2dcdf0fc2bec___Alto-Eco-India-rear-2.jpg.jpeg,number_plate,441,451,0.3424036281179138,0.7849223946784922,0.6870748299319728,0.9445676274944568,,,,,,"extras:null
"
http://com.dataturks.a96-i23.open.s3.amazonaws.com/2c9fafb0646e9cf9016473f1a561002a/c8a79e91-8c48-42d0-9b80-137fd033493c___automakers-number-plates-nitin-gadkari_827x510_61522653557.jpg.jpeg,number_plate,377,244,0.15384615384615385,0.6147540983606558,0.4535809018567639,0.8442622950819673,,,,,,"extras:null
"
http://com.dataturks.a96-i23.open.s3.amazonaws.com/2c9fafb0646e9cf9016473f1a561002a/59e121dc-ebc6-4e4c-ba88-7fe04b569218___Autopsyches-Skoda-Laura-6.jpg.jpeg,number_plate,740,490,0.3972972972972973,0.4326530612244898,0.6121621621621621,0.5387755102040817,,,,,,"extras:null
"
http://com.dataturks.a96-i23.open.s3.amazonaws.com/2c9fafb0646e9cf9016473f1a561002a/d0be15f3-4b3e-42f6-88d5-2a7fe4360dbe___Baleno-Number-Plates-Design.jpg.jpeg,number_plate,959,959,0.3149113660062565,0.43795620437956206,0.6996871741397289,0.556830031282586,,,,,,"extras:null
"
http://com.dataturks.a96-i23.open.s3.amazonaws.com/2c9fafb0646e9cf9016473f1a561002a/8e0b8c6f-850f-4918-983a-7fa110368d32___banner_4.png,number_plate,900,350,0.35,0.5514285714285714,0.6633333333333333,0.7657142857142857,,,,,,"extras:null
"
http://com.dataturks.a96-i23.open.s3.amazonaws.com/2c9fafb0646e9cf9016473f1a561002a/2302b12c-3d74-4d6c-b376-ba8ab308a8c3___big_215451_1320738450.jpg.jpeg,number_plate,350,196,0.3514285714285714,0.5969387755102041,0.6314285714285715,0.8673469387755102,,,,,,"extras:null
"
http://com.dataturks.a96-i23.open.s3.amazonaws.com/2c9fafb0646e9cf9016473f1a561002a/f3d775e6-d7b3-4af0-91bd-8550b3bc177f___bike-ind-number-plates-color-black-250x250.jpg.jpeg,number_plate,248,177,0.10483870967741936,0.3615819209039548,0.8629032258064516,0.8361581920903954,0.04838709677419355,0.096045197740113,1,0.2711864406779661,,"null
"
http://com.dataturks.a96-i23.open.s3.amazonaws.com/2c9fafb0646e9cf9016473f1a561002a/351a22eb-bf0a-44d6-8b6d-5ffca753c261___bike-number-plate-500x500.jpg.jpeg,number_plate,500,291,0.202,0.4020618556701031,0.516,0.6563573883161512,,,,,,"extras:null
"
http://com.dataturks.a96-i23.open.s3.amazonaws.com/2c9fafb0646e9cf9016473f1a561002a/60bd391b-484a-46e6-9032-c995f48eaf25___bike-number-plates-german-font-color-black-250x250.jpg.jpeg,number_plate,248,177,0.11693548387096774,0.2994350282485876,0.9193548387096774,0.9152542372881356,,,,,,"extras:null
"
http://com.dataturks.a96-i23.open.s3.amazonaws.com/2c9fafb0646e9cf9016473f1a561002a/952e41c5-b741-4cfa-90cb-0961b7edf809___bike-number-plates-german-font-color-blue-250x250.jpg.jpeg,number_plate,248,177,0.0846774193548387,0.3163841807909605,0.9153225806451613,0.8700564971751412,,,,,,"extras:null
"
http://com.dataturks.a96-i23.open.s3.amazonaws.com/2c9fafb0646e9cf9016473f1a561002a/e3f5fe39-d157-49fa-a0c9-b96ca1234a64___bike-scooter-number-plate-frame-rear-500x500.jpg.jpeg,number_plate,500,282,0.256,0.2624113475177305,0.722,0.7163120567375887,,,,,,"extras:null
"
http://com.dataturks.a96-i23.open.s3.amazonaws.com/2c9fafb0646e9cf9016473f1a561002a/67c26428-55c5-4cc2-b556-6f4f61134d51___car-number-plate-india-peenya-1st-stage-bangalore-number-plate-manufacturers-56c3b.jpg.jpeg,number_plate,2592,1936,0.11572942135289324,0.0982532751091703,0.9038304808475958,0.3700873362445415,,,,,,"extras:null
"
http://com.dataturks.a96-i23.open.s3.amazonaws.com/2c9fafb0646e9cf9016473f1a561002a/4bf56b2a-a0e7-4769-bafb-8c73f2d5600d___DC-Design-Polo-Cover.png,number_plate,660,322,0.4772727272727273,0.5714285714285714,0.6954545454545454,0.6863354037267081,,,,,,"extras:null
"
http://com.dataturks.a96-i23.open.s3.amazonaws.com/2c9fafb0646e9cf9016473f1a561002a/2e23964b-ce59-4bcf-8c35-98f3a096a748___design-ind-number-plates-vijayanagar-bangalore-number-plate-dealers-2etqybj.jpg.jpeg,number_plate,750,562,0.016,0.1903914590747331,0.9293333333333333,0.7117437722419929,,,,,,"extras:null
"
http://com.dataturks.a96-i23.open.s3.amazonaws.com/2c9fafb0646e9cf9016473f1a561002a/88294212-f11c-46a7-a91a-04c9da19efa6___DSC_8221-L.jpg.jpeg,number_plate,660,440,0.3484848484848485,0.425,0.4954545454545455,0.5659090909090909,,,,,,"extras:null
"
http://com.dataturks.a96-i23.open.s3.amazonaws.com/2c9fafb0646e9cf9016473f1a561002a/d44f95e3-47df-415f-9359-cd2f1f27ad86___eecitmw.gif,number_plate,350,217,0.11142857142857143,0.17050691244239632,0.9028571428571428,0.8755760368663594,,,,,,"extras:null
"
http://com.dataturks.a96-i23.open.s3.amazonaws.com/2c9fafb0646e9cf9016473f1a561002a/747e99a2-540a-4c35-b7fd-3889d6d391f1___fancy_light__bike_number_plate.jpg.jpeg,number_plate,622,379,0.06270096463022508,0.10290237467018469,0.9115755627009646,0.8970976253298153,,,,,,"extras:null
"
http://com.dataturks.a96-i23.open.s3.amazonaws.com/2c9fafb0646e9cf9016473f1a561002a/125b5cda-9691-47aa-8e57-f6d8a8537d83___fancy_number_plates_in_india.jpg.jpeg,number_plate,498,313,0.08433734939759036,0.26198083067092653,0.8273092369477911,0.5942492012779552,,,,,,"extras:null
"
http://com.dataturks.a96-i23.open.s3.amazonaws.com/2c9fafb0646e9cf9016473f1a561002a/4d07a3ac-d373-4d27-9335-a3d32d19afcf___Funny-Bike-Number-Plate-AK56.jpg.jpeg,number_plate,450,600,0.04666666666666667,0.2833333333333333,0.9155555555555556,0.665,,,,,,"extras:null
"
http://com.dataturks.a96-i23.open.s3.amazonaws.com/2c9fafb0646e9cf9016473f1a561002a/5181fd64-3d1b-414d-b405-acb4c535c944___FZ163.jpg.jpeg,number_plate,800,600,0.06625,0.2966666666666667,0.92875,0.5416666666666666,,,,,,"extras:null
"
http://com.dataturks.a96-i23.open.s3.amazonaws.com/2c9fafb0646e9cf9016473f1a561002a/39341d5e-4388-4c44-9faa-5173328eaa10___german-number-plate-punching-clapper-dies-supplier-500x500.jpg.jpeg,number_plate,500,375,0.044,0.13333333333333333,0.998,0.9653333333333334,,,,,,"extras:null
"
http://com.dataturks.a96-i23.open.s3.amazonaws.com/2c9fafb0646e9cf9016473f1a561002a/c1d91c5e-128b-41d4-9f9d-ebfbef98b597___High_security_n15816.jpg.jpeg,number_plate,570,400,0.028070175438596492,0.3025,0.8421052631578947,0.71,,,,,,"extras:null
"
http://com.dataturks.a96-i23.open.s3.amazonaws.com/2c9fafb0646e9cf9016473f1a561002a/f8a992cc-a1cc-4d68-88c1-bec1a46fc148___Honda-City-Number-Plates-Design.jpg.jpeg,number_plate,557,520,0.3339317773788151,0.6730769230769231,0.6858168761220825,0.8038461538461539,,,,,,"extras:null
"
http://com.dataturks.a96-i23.open.s3.amazonaws.com/2c9fafb0646e9cf9016473f1a561002a/fcabfaf7-160a-44bc-a543-9faee4c1c4cd___Honda-Jazz-Front-Number-Plates-Designs.jpg.jpeg,number_plate,600,450,0.08,0.16444444444444445,0.9983333333333333,0.4177777777777778,,,,,,"extras:null
"
http://com.dataturks.a96-i23.open.s3.amazonaws.com/2c9fafb0646e9cf9016473f1a561002a/7070d6ac-5425-4d33-a78e-a48c62d0fac5___Honda-Jazz-Number-Plate-Designs.jpg.jpeg,number_plate,600,450,0.19166666666666668,0.28,0.87,0.7244444444444444,,,,,,"extras:null
"
http://com.dataturks.a96-i23.open.s3.amazonaws.com/2c9fafb0646e9cf9016473f1a561002a/e7a86597-7251-4e9b-9469-cd873fe6736f___Honda-Jazz-Number-Plates-Designs.jpg.jpeg,number_plate,600,450,0.2683333333333333,0.2577777777777778,0.7216666666666667,0.5533333333333333,,,,,,"extras:null
"
http://com.dataturks.a96-i23.open.s3.amazonaws.com/2c9fafb0646e9cf9016473f1a561002a/074d85b8-42ec-4d17-9b8e-9e51ae060243___hqdefault.jpg.jpeg,number_plate,480,360,0.25625,0.36666666666666664,0.6791666666666667,0.6722222222222223,,,,,,"extras:null
"
http://com.dataturks.a96-i23.open.s3.amazonaws.com/2c9fafb0646e9cf9016473f1a561002a/bcdc8b42-5dd4-48e2-8104-706440524bfe___hqdefault0.jpg.jpeg,number_plate,480,360,0.027083333333333334,0.17777777777777778,0.98125,0.44722222222222224,,,,,,"extras:null
"
http://com.dataturks.a96-i23.open.s3.amazonaws.com/2c9fafb0646e9cf9016473f1a561002a/22dc6b5f-ff5d-4bb4-beb2-0f5fd9e75787___i10_Latest_Acrylic_Number_Plate.jpg.jpeg,number_plate,496,287,0.27419354838709675,0.5365853658536586,0.7600806451612904,0.7665505226480837,,,,,,"extras:null
"
http://com.dataturks.a96-i23.open.s3.amazonaws.com/2c9fafb0646e9cf9016473f1a561002a/fe226788-616e-4c5c-8b3c-99dc7e7265cd___images5-500x500.jpg.jpeg,number_plate,443,332,0.060948081264108354,0.11144578313253012,0.9683972911963883,0.39156626506024095,0.022573363431151242,0.463855421686747,1,0.8072289156626506,,"null
"
http://com.dataturks.a96-i23.open.s3.amazonaws.com/2c9fafb0646e9cf9016473f1a561002a/a970d6e0-5948-4412-a1ec-67c5240722a8___images-gallery-misc4-250x250.jpg.jpeg,number_plate,250,166,0.024,0.19879518072289157,0.88,0.7469879518072289,,,,,,"extras:null
"
http://com.dataturks.a96-i23.open.s3.amazonaws.com/2c9fafb0646e9cf9016473f1a561002a/bff789cd-2d58-4399-a55e-33be55f313e3___IMG_0472.jpg.jpeg,number_plate,700,525,0.38142857142857145,0.6133333333333333,0.7128571428571429,0.7828571428571428,,,,,,"extras:null
"
http://com.dataturks.a96-i23.open.s3.amazonaws.com/2c9fafb0646e9cf9016473f1a561002a/a95a0d9d-5d40-4abb-bd3e-6c6d94bef5b1___IMG_3310.jpg.jpeg,number_plate,400,300,0.3375,0.3933333333333333,0.8,0.6566666666666666,,,,,,"extras:null
"
http://com.dataturks.a96-i23.open.s3.amazonaws.com/2c9fafb0646e9cf9016473f1a561002a/0c9ebe94-827d-4c74-9950-6816e70d1bab___IMG_8883.jpg.jpeg,number_plate,500,333,0.334,0.3003003003003003,0.7,0.4924924924924925,,,,,,"extras:null
"
http://com.dataturks.a96-i23.open.s3.amazonaws.com/2c9fafb0646e9cf9016473f1a561002a/e1d7921f-5e58-46c7-b4f9-9fd4585508f1___IMG_9072.jpg.jpeg,number_plate,640,555,0.6921875,0.4594594594594595,0.9984375,0.6252252252252253,0.046875,0.5459459459459459,0.190625,0.5927927927927928,,"null
"
http://com.dataturks.a96-i23.open.s3.amazonaws.com/2c9fafb0646e9cf9016473f1a561002a/dfafd4ef-5592-41d9-9cbb-fa6a4e03831e___IMG_9082.jpg.jpeg,number_plate,610,338,0.31475409836065577,0.16272189349112426,0.9967213114754099,0.6183431952662722,,,,,,"extras:null
"
http://com.dataturks.a96-i23.open.s3.amazonaws.com/2c9fafb0646e9cf9016473f1a561002a/6f78077e-a3a1-4fb9-89ba-5870d75ccdb8___Innova_Crysta_Car_Euro_number_Plates.jpg.jpeg,number_plate,500,306,0.312,0.3202614379084967,0.598,0.5032679738562091,,,,,,"extras:null
"
http://com.dataturks.a96-i23.open.s3.amazonaws.com/2c9fafb0646e9cf9016473f1a561002a/b4eb91cd-3e77-40c2-bbe6-13d42f2ea4ba___INNOVA_Euro_Number_Plates.jpg.jpeg,number_plate,500,350,0.276,0.3914285714285714,0.756,0.5942857142857143,,,,,,"extras:null
"
http://com.dataturks.a96-i23.open.s3.amazonaws.com/2c9fafb0646e9cf9016473f1a561002a/d48a0a29-8f29-4ced-b395-4c959aec7722___kejriwal.jpg.jpeg,number_plate,500,139,0.028,0.09352517985611511,0.998,0.8345323741007195,,,,,,"extras:null
"
http://com.dataturks.a96-i23.open.s3.amazonaws.com/2c9fafb0646e9cf9016473f1a561002a/8c4371ee-a997-4b21-82c4-cb5e767c4d06___kia-sorento-spied-in-India.jpg.jpeg,number_plate,660,432,0.34393939393939393,0.41435185185185186,0.5787878787878787,0.5277777777777778,,,,,,"extras:null
"
http://com.dataturks.a96-i23.open.s3.amazonaws.com/2c9fafb0646e9cf9016473f1a561002a/bd742e42-bacc-430e-b9aa-9df666f5d9b3___kicker-647_010517112446.jpg.jpeg,number_plate,647,404,0.30139103554868624,0.4876237623762376,0.4714064914992272,0.6361386138613861,,,,,,"extras:null
"
http://com.dataturks.a96-i23.open.s3.amazonaws.com/2c9fafb0646e9cf9016473f1a561002a/07064c2c-2aa3-4419-91a4-92916de8e54c___mahindra-scorpio-old-car-500x500.jpg.jpeg,number_plate,500,415,0.408,0.6481927710843374,0.714,0.9132530120481928,,,,,,"extras:null
"
http://com.dataturks.a96-i23.open.s3.amazonaws.com/2c9fafb0646e9cf9016473f1a561002a/af36405d-be93-4c8c-b1b2-5a0832535eeb___main-qimg-4caf07f4dfd9e2a2d279ddd54fb91986-c.jpg.jpeg,number_plate,602,339,0.1777408637873754,0.45132743362831856,0.42358803986710963,0.6076696165191741,,,,,,"extras:null
"
http://com.dataturks.a96-i23.open.s3.amazonaws.com/2c9fafb0646e9cf9016473f1a561002a/2424211e-e6ba-4478-8ed1-6a04e25499c7___main-qimg-7673aeac86d0ef987deb837552c5dd4c-1.png,number_plate,602,370,0.21262458471760798,0.7621621621621621,0.5099667774086378,0.8675675675675676,,,,,,"extras:null
"
http://com.dataturks.a96-i23.open.s3.amazonaws.com/2c9fafb0646e9cf9016473f1a561002a/c2feb2b7-fbb3-4e1e-ad48-cc8112a1ab3f___Maruti_R3_On_Test.jpg.jpeg,number_plate,500,332,0.31,0.6054216867469879,0.656,0.8253012048192772,,,,,,"extras:null
"
http://com.dataturks.a96-i23.open.s3.amazonaws.com/2c9fafb0646e9cf9016473f1a561002a/175ff546-0679-4cbb-ab03-acfcd96877b7___Maruti_Wagon_R_Rear.jpg.jpeg,number_plate,583,450,0.307032590051458,0.5822222222222222,0.6775300171526587,0.7488888888888889,,,,,,"extras:null
"
http://com.dataturks.a96-i23.open.s3.amazonaws.com/2c9fafb0646e9cf9016473f1a561002a/41de2ad0-3785-488e-9f1f-75b76f446cc7___Maruti-Alto-K10-Photos-2.jpg.jpeg,number_plate,450,417,0.2822222222222222,0.6954436450839329,0.6866666666666666,0.8776978417266187,,,,,,"extras:null
"
http://com.dataturks.a96-i23.open.s3.amazonaws.com/2c9fafb0646e9cf9016473f1a561002a/e204c50d-b861-4f68-827f-575351d150b4___Maruti-Baleno-RS-4.jpg.jpeg,number_plate,505,343,0.047524752475247525,0.6034985422740525,0.29306930693069305,0.7376093294460642,,,,,,"extras:null
"
http://com.dataturks.a96-i23.open.s3.amazonaws.com/2c9fafb0646e9cf9016473f1a561002a/d9023f53-f90d-4b98-bd52-30796777ddcf___Maruti-Suzuki-Baleno-hatchback-56545.jpg.jpeg,number_plate,389,267,0.5604113110539846,0.5767790262172284,0.8097686375321337,0.6966292134831461,,,,,,"extras:null
"
http://com.dataturks.a96-i23.open.s3.amazonaws.com/2c9fafb0646e9cf9016473f1a561002a/fd0140cc-e887-43b8-a439-24877ea77670___Maruti-Suzuki-Baleno-Number-Plates-Design.jpg.jpeg,number_plate,500,274,0.292,0.48905109489051096,0.79,0.7153284671532847,,,,,,"extras:null
"
http://com.dataturks.a96-i23.open.s3.amazonaws.com/2c9fafb0646e9cf9016473f1a561002a/13ffaad4-a186-46bd-ae5d-924d1c8d7c50___maruti-suzuki-Baleno-RS-pics-48.jpg.jpeg,number_plate,800,485,0.7975,0.6948453608247422,0.93625,0.797938144329897,,,,,,"extras:null
"
http://com.dataturks.a96-i23.open.s3.amazonaws.com/2c9fafb0646e9cf9016473f1a561002a/fb939bb1-5257-4879-bafb-539472ffb73d___Maruti-Suzuki-Brezza-Number-Plates-Design.jpg.jpeg,number_plate,484,456,0.3677685950413223,0.44956140350877194,0.7231404958677686,0.6008771929824561,,,,,,"extras:null
"
http://com.dataturks.a96-i23.open.s3.amazonaws.com/2c9fafb0646e9cf9016473f1a561002a/ec4bde57-11dd-4d59-96ae-b5d3b28afda5___Maruti-Suzuki-Celerio-Back-Number-Plates-Design.jpg.jpeg,number_plate,500,376,0.22,0.4920212765957447,0.876,0.7393617021276596,,,,,,"extras:null
"
http://com.dataturks.a96-i23.open.s3.amazonaws.com/2c9fafb0646e9cf9016473f1a561002a/b78259be-7ef5-4499-b9a2-2b8a37660e8b___Maruti-Suzuki-Celerio-Front-Number-Plates-Design.jpg.jpeg,number_plate,960,720,0.32916666666666666,0.38472222222222224,0.74375,0.5361111111111111,,,,,,"extras:null
"
http://com.dataturks.a96-i23.open.s3.amazonaws.com/2c9fafb0646e9cf9016473f1a561002a/49bdf0d9-4e64-41eb-9c19-eabdc4afb051___Maruti-Suzuki-Ciaz-Photos-30.JPG.jpeg,number_plate,600,337,0.315,0.3857566765578635,0.595,0.5400593471810089,,,,,,"extras:null
"
http://com.dataturks.a96-i23.open.s3.amazonaws.com/2c9fafb0646e9cf9016473f1a561002a/377b225b-e978-4e7c-8e5e-f10d8effc336___Maruti-Suzuki-Ignis-Rear-view-94486.jpg.jpeg,number_plate,600,337,0.27,0.6735905044510386,0.52,0.8130563798219584,,,,,,"extras:null
"
http://com.dataturks.a96-i23.open.s3.amazonaws.com/2c9fafb0646e9cf9016473f1a561002a/ed6ee171-691a-4563-a79d-4f47d8ce9f85___Maruti-Suzuki-SCross-Exterior-80675.jpg.jpeg,number_plate,600,337,0.19166666666666668,0.7655786350148368,0.6916666666666667,0.9881305637982196,,,,,,"extras:null
"
http://com.dataturks.a96-i23.open.s3.amazonaws.com/2c9fafb0646e9cf9016473f1a561002a/1438b735-2d21-4879-8ed4-e5fa086e70c8___Maruti-Suzuki-Swift-Dzire-1.jpg.jpeg,number_plate,506,407,0.35375494071146246,0.6511056511056511,0.6798418972332015,0.7886977886977887,,,,,,"extras:null
"
http://com.dataturks.a96-i23.open.s3.amazonaws.com/2c9fafb0646e9cf9016473f1a561002a/5747d3e8-4dd0-435f-942d-34b84f03344c___Maruti-Suzuki-Swift-Number-Plates-Design.jpg.jpeg,number_plate,500,430,0.278,0.5604651162790698,0.684,0.7302325581395349,,,,,,"extras:null
"
http://com.dataturks.a96-i23.open.s3.amazonaws.com/2c9fafb0646e9cf9016473f1a561002a/e29b6eea-504a-4da2-8503-5bd3443f3bd8___maruti-suzuki-wagon-r-front-left-rim.jpg.jpeg,number_plate,350,197,0.2714285714285714,0.4873096446700508,0.5714285714285714,0.7157360406091371,,,,,,"extras:null
"
http://com.dataturks.a96-i23.open.s3.amazonaws.com/2c9fafb0646e9cf9016473f1a561002a/ed9cd3b2-76a2-4cc8-9e4e-76d50ad1ff68___maruti-suzuki-wagon-r-hood-open-view.jpg.jpeg,number_plate,350,467,0.34285714285714286,0.5653104925053534,0.6571428571428571,0.6402569593147751,,,,,,"extras:null
"
http://com.dataturks.a96-i23.open.s3.amazonaws.com/2c9fafb0646e9cf9016473f1a561002a/5a4780bf-d2af-4f19-a36b-65004cd06b3d___maruti-suzuki-wagon-r-rear-left-rim.jpg.jpeg,number_plate,350,263,0.26,0.5247148288973384,0.5085714285714286,0.6463878326996197,,,,,,"extras:null
"
http://com.dataturks.a96-i23.open.s3.amazonaws.com/2c9fafb0646e9cf9016473f1a561002a/bbf22d00-3dd6-4338-b701-264e0c0c0aff___Maruti-Swift-DZire-Photos-1.jpg.jpeg,number_plate,591,479,0.3011844331641286,0.4551148225469729,0.6751269035532995,0.6200417536534447,,,,,,"extras:null
"
http://com.dataturks.a96-i23.open.s3.amazonaws.com/2c9fafb0646e9cf9016473f1a561002a/20dd73fd-9e05-4bdc-b380-d8148b194ae7___Maruti-Swift-Number-Plates-Design.jpg.jpeg,number_plate,960,720,0.328125,0.3888888888888889,0.9145833333333333,0.5458333333333333,,,,,,"extras:null
"
http://com.dataturks.a96-i23.open.s3.amazonaws.com/2c9fafb0646e9cf9016473f1a561002a/3febea0e-53c0-4b30-880c-3061458b93ce___Maruti-Vitara-Brezza-rear-end-full-review.jpg.jpeg,number_plate,700,419,0.5057142857142857,0.45823389021479716,0.8371428571428572,0.6873508353221957,,,,,,"extras:null
"
http://com.dataturks.a96-i23.open.s3.amazonaws.com/2c9fafb0646e9cf9016473f1a561002a/8ce02eb0-8924-4dbc-96f6-acadf6f9a618___maxresdefault0.jpg.jpeg,number_plate,387,317,0.16279069767441862,0.40063091482649843,0.751937984496124,0.7066246056782335,,,,,,"extras:null
"
http://com.dataturks.a96-i23.open.s3.amazonaws.com/2c9fafb0646e9cf9016473f1a561002a/f685e6cf-3a12-42ac-94d7-28cdf129b266___maxresdefault1.jpg.jpeg,number_plate,500,537,0.166,0.0633147113594041,0.738,0.8994413407821229,,,,,,"extras:null
"
http://com.dataturks.a96-i23.open.s3.amazonaws.com/2c9fafb0646e9cf9016473f1a561002a/e663fa35-ce3c-401d-8451-30edd236b3e4___maxresdefault2.jpg.jpeg,number_plate,1280,720,0.2852485737571312,0.34057971014492755,0.6063569682151589,0.6652173913043479,,,,,,"extras:null
"
http://com.dataturks.a96-i23.open.s3.amazonaws.com/2c9fafb0646e9cf9016473f1a561002a/db4f467d-2d9e-4567-ab68-fce4a8689562___maxresdefault7.jpg.jpeg,number_plate,1920,1080,0.5297473512632437,0.5695652173913044,0.6625916870415648,0.6275362318840579,,,,,,"extras:null
"
http://com.dataturks.a96-i23.open.s3.amazonaws.com/2c9fafb0646e9cf9016473f1a561002a/4e56220b-186d-46d2-8df9-bcde299c8732___motorcycle-number-plates-2583.jpg.jpeg,number_plate,570,444,0.4543859649122807,0.481981981981982,0.5719298245614035,0.5923423423423423,,,,,,"extras:null
"
http://com.dataturks.a96-i23.open.s3.amazonaws.com/2c9fafb0646e9cf9016473f1a561002a/c02b3989-8334-4cf7-b69c-bcd177e209d4___mqdefault.jpg.jpeg,number_plate,320,180,0.26875,0.1,0.746875,0.32222222222222224,,,,,,"extras:null
"
http://com.dataturks.a96-i23.open.s3.amazonaws.com/2c9fafb0646e9cf9016473f1a561002a/5cbd7465-ad12-4e6b-8eaf-d7056c3852f8___New-2018-Maruti-Suzuki-Swift-radiator-grille-600x398.jpg.jpeg,number_plate,600,398,0.5683333333333334,0.5753768844221105,0.85,0.7889447236180904,,,,,,"extras:null
"
http://com.dataturks.a96-i23.open.s3.amazonaws.com/2c9fafb0646e9cf9016473f1a561002a/c30a1535-9d8f-465e-a7f4-aa726f19f0b1___new-maruti-alto-k10-2_625x300_41414071192.jpg.jpeg,number_plate,650,493,0.35846153846153844,0.7525354969574036,0.6569230769230769,0.8722109533468559,,,,,,"extras:null
"
http://com.dataturks.a96-i23.open.s3.amazonaws.com/2c9fafb0646e9cf9016473f1a561002a/d86f0bbc-91f6-4af9-9956-c305f98e515b___Number_plate_650.jpg.jpeg,number_plate,650,400,0.17692307692307693,0.4325,0.48923076923076925,0.6,,,,,,"extras:null
"
http://com.dataturks.a96-i23.open.s3.amazonaws.com/2c9fafb0646e9cf9016473f1a561002a/f2169fa5-fd71-4ba9-a2dc-e612784ec853___number2Bplate2Bdesigns2Bindia.jpg.jpeg,number_plate,320,180,0.05625,0.18888888888888888,1,0.8777777777777778,,,,,,"extras:null
"
http://com.dataturks.a96-i23.open.s3.amazonaws.com/2c9fafb0646e9cf9016473f1a561002a/4f86fbad-3a04-4c11-a8fa-e897727fc2c7___Number-plate-1.jpg.jpeg,number_plate,650,572,0.4430769230769231,0.5262237762237763,0.8984615384615384,0.6993006993006993,,,,,,"extras:null
"
http://com.dataturks.a96-i23.open.s3.amazonaws.com/2c9fafb0646e9cf9016473f1a561002a/93b6ca4e-17cc-4b12-b7f5-66fb37c6107c___number-plate-factory-fitted1.jpg.jpeg,number_plate,642,336,0.3411214953271028,0.41964285714285715,0.67601246105919,0.5863095238095238,,,,,,"extras:null
"
http://com.dataturks.a96-i23.open.s3.amazonaws.com/2c9fafb0646e9cf9016473f1a561002a/304b14b8-dc3c-41cb-94b6-635864e2e964___number-plate-protector-car-safeplate-250x250.jpg.jpeg,number_plate,250,250,0.048,0.264,0.996,0.796,,,,,,"extras:null
"
http://com.dataturks.a96-i23.open.s3.amazonaws.com/2c9fafb0646e9cf9016473f1a561002a/206c95ff-83b8-4273-b105-6637bf9a3038___numerix-number-plates-thodupuzha-idukki-number-plate-dealers-1lhwiga.jpg.jpeg,number_plate,2000,1500,0.27791361043194784,0.29456521739130437,0.8728606356968215,0.7195652173913043,,,,,,"extras:null
"
http://com.dataturks.a96-i23.open.s3.amazonaws.com/2c9fafb0646e9cf9016473f1a561002a/ee7cffcb-cedd-444f-9d3b-42372ba30073___pimlico-plumbers-van-with-personalised-number-plate-london-B8MJAT.jpg.jpeg,number_plate,1300,924,0.30480847595762023,0.7293577981651376,0.615321923390383,0.8474770642201835,,,,,,"extras:null
"
http://com.dataturks.a96-i23.open.s3.amazonaws.com/2c9fafb0646e9cf9016473f1a561002a/97285917-354c-4ea7-9c71-a818f1f640cf___product-500x500.jpeg,number_plate,500,155,0.032,0.05161290322580645,0.99,0.864516129032258,,,,,,"extras:null
"
http://com.dataturks.a96-i23.open.s3.amazonaws.com/2c9fafb0646e9cf9016473f1a561002a/d779f6f0-5731-48ed-bd43-836a3f7f2013___product-500x5000.jpeg,number_plate,500,268,0.442,0.4552238805970149,0.862,0.6865671641791045,,,,,,"extras:null
"
http://com.dataturks.a96-i23.open.s3.amazonaws.com/2c9fafb0646e9cf9016473f1a561002a/62b58053-425c-4924-b129-c4a6580f3562___product-500x5001.jpeg,number_plate,500,234,0.418,0.3547008547008547,0.896,0.6837606837606838,,,,,,"extras:null
"
http://com.dataturks.a96-i23.open.s3.amazonaws.com/2c9fafb0646e9cf9016473f1a561002a/8857d8b4-0f39-4f1b-ab31-48a1dc2db726___Pulsar-200-NS-Number-Plate.jpg.jpeg,number_plate,503,495,0.2644135188866799,0.4404040404040404,0.9701789264413518,0.8565656565656565,,,,,,"extras:null
"
http://com.dataturks.a96-i23.open.s3.amazonaws.com/2c9fafb0646e9cf9016473f1a561002a/e354039f-d73c-4f12-9df5-f0129345fa79___scorpio.JPG.jpeg,number_plate,400,300,0.325,0.6033333333333334,0.6575,0.75,0.0225,0.78,0.1125,0.8733333333333333,,"null
"
http://com.dataturks.a96-i23.open.s3.amazonaws.com/2c9fafb0646e9cf9016473f1a561002a/165eaa92-8e90-44e6-b132-8af462bae0c9___scorpio-rear.JPG.jpeg,number_plate,400,300,0.09,0.41,0.275,0.55,,,,,,"extras:null
"
http://com.dataturks.a96-i23.open.s3.amazonaws.com/2c9fafb0646e9cf9016473f1a561002a/854d6a27-373f-450e-a6c9-0ade9c82c456___scorpio-stretch-seized_1451386843.jpg.jpeg,number_plate,725,408,0.3310344827586207,0.6446078431372549,0.44,0.7892156862745098,,,,,,"extras:null
"
http://com.dataturks.a96-i23.open.s3.amazonaws.com/2c9fafb0646e9cf9016473f1a561002a/c41652d9-19ae-4a7d-8423-230340ac30bc___Skoda_Laura_DSG_Long_Term_Review-125.jpg.jpeg,number_plate,1024,685,0.3798828125,0.656934306569343,0.5859375,0.743065693430657,,,,,,"extras:null
"
http://com.dataturks.a96-i23.open.s3.amazonaws.com/2c9fafb0646e9cf9016473f1a561002a/d1301d79-7b27-479a-8c83-ed13fb848344___Skoda-1-insights-696x388.jpg.jpeg,number_plate,696,388,0.3146551724137931,0.33762886597938147,0.7011494252873564,0.5025773195876289,,,,,,"extras:null
"
http://com.dataturks.a96-i23.open.s3.amazonaws.com/2c9fafb0646e9cf9016473f1a561002a/7616cb19-df24-4d29-b679-5252391a547f___Skoda-Laura-rear.jpg.jpeg,number_plate,800,533,0.35625,0.4727954971857411,0.62125,0.600375234521576,,,,,,"extras:null
"
http://com.dataturks.a96-i23.open.s3.amazonaws.com/2c9fafb0646e9cf9016473f1a561002a/f7621229-eebc-4dff-aef8-e79fac571be4___Skoda-Octavia-5.jpg.jpeg,number_plate,586,331,0.3122866894197952,0.6163141993957704,0.4351535836177474,0.7039274924471299,,,,,,"extras:null
"
http://com.dataturks.a96-i23.open.s3.amazonaws.com/2c9fafb0646e9cf9016473f1a561002a/a285cdf6-4640-41ee-b3f3-b721f334466f___Skoda-Octavia-RS-launched-in-India-3.jpg.jpeg,number_plate,500,344,0.338,0.7558139534883721,0.716,0.8662790697674418,,,,,,"extras:null
"
http://com.dataturks.a96-i23.open.s3.amazonaws.com/2c9fafb0646e9cf9016473f1a561002a/af270103-6ed4-4260-9d01-b8be2e2b9af1___skoda-rapid-1.5-tdi-dsg-review.jpg.jpeg,number_plate,500,271,0.2,0.5461254612546126,0.518,0.7675276752767528,,,,,,"extras:null
"
http://com.dataturks.a96-i23.open.s3.amazonaws.com/2c9fafb0646e9cf9016473f1a561002a/ef2dc97f-bc6d-49a3-9ddb-03f54f3a20e7___Skoda-Rapid-new-Exterior-84398.jpg.jpeg,number_plate,541,423,0.3807763401109057,0.6430260047281324,0.6487985212569316,0.7659574468085106,,,,,,"extras:null
"
http://com.dataturks.a96-i23.open.s3.amazonaws.com/2c9fafb0646e9cf9016473f1a561002a/f9e27b82-9e65-44ba-bf9a-b3ced8901937___Skoda-Superb-Exterior-deadfront-69204.jpg.jpeg,number_plate,600,337,0.3283333333333333,0.5519287833827893,0.675,0.6943620178041543,,,,,,"extras:null
"
http://com.dataturks.a96-i23.open.s3.amazonaws.com/2c9fafb0646e9cf9016473f1a561002a/af608b5e-07d6-4bcf-84d0-f0cba9e54e12___Skoda-Superb-Rear-Profile.jpg.jpeg,number_plate,600,400,0.3883333333333333,0.445,0.5916666666666667,0.56,,,,,,"extras:null
"
http://com.dataturks.a96-i23.open.s3.amazonaws.com/2c9fafb0646e9cf9016473f1a561002a/d16041c1-831d-4cc9-8869-68be8b6e12d7___slider-new-2.jpg.jpeg,number_plate,1266,453,0.6218418907905461,0.5330296127562643,0.8272208638956805,0.6674259681093394,,,,,,"extras:null
"
http://com.dataturks.a96-i23.open.s3.amazonaws.com/2c9fafb0646e9cf9016473f1a561002a/f16274c4-0d3d-4c85-9dcc-5ac71734b281___speedex-number-plates-nandanam-chennai-car-number-plate-dealers-1ofla74.jpg.jpeg,number_plate,678,475,0.2448377581120944,0.42105263157894735,0.8436578171091446,0.7452631578947368,,,,,,"extras:null
"
http://com.dataturks.a96-i23.open.s3.amazonaws.com/2c9fafb0646e9cf9016473f1a561002a/254b647f-4cb3-46c3-a206-4e70041f4c78___speedex-number-plates-nandanam-chennai-car-number-plate-dealers-33nu2i6.jpg.jpeg,number_plate,350,263,0.32857142857142857,0.3269961977186312,0.6485714285714286,0.4448669201520912,,,,,,"extras:null
"
http://com.dataturks.a96-i23.open.s3.amazonaws.com/2c9fafb0646e9cf9016473f1a561002a/69b56ab9-accd-4c67-aa7a-a884c018e5ab___speedex-number-plates-nandanam-chennai-car-number-plate-dealers-3zh7n2s.jpg.jpeg,number_plate,960,1280,0.346875,0.7296875,0.6729166666666667,0.8296875,,,,,,"extras:null
"
http://com.dataturks.a96-i23.open.s3.amazonaws.com/2c9fafb0646e9cf9016473f1a561002a/684f079f-6085-420c-8e4e-e1aed270fc05___Toyota-Fortuner-Number-Plates-Design.jpg.jpeg,number_plate,1250,703,0.4278728606356968,0.5420289855072464,0.6226568867155664,0.6739130434782609,,,,,,"extras:null
"
http://com.dataturks.a96-i23.open.s3.amazonaws.com/2c9fafb0646e9cf9016473f1a561002a/ad65d729-1bf7-408c-b991-f3e329f17aab___two-wheeler-number-plate-250x250.jpg.jpeg,number_plate,250,250,0.012,0.088,1,0.756,,,,,,"extras:null
"
http://com.dataturks.a96-i23.open.s3.amazonaws.com/2c9fafb0646e9cf9016473f1a561002a/21cc678a-b9c5-4bbb-ace0-9e096e799632___unnamed-300x225.jpg.jpeg,number_plate,300,225,0.29333333333333333,0.44,0.4533333333333333,0.5688888888888889,0.7533333333333333,0.8266666666666667,0.97,0.9733333333333334,,"null
"
http://com.dataturks.a96-i23.open.s3.amazonaws.com/2c9fafb0646e9cf9016473f1a561002a/aff1f53b-3259-44f0-9718-05fb64dc8ba1___Untitled.png,number_plate,361,308,0.22160664819944598,0.4090909090909091,0.5512465373961218,0.5974025974025974,,,,,,"extras:null
"
http://com.dataturks.a96-i23.open.s3.amazonaws.com/2c9fafb0646e9cf9016473f1a561002a/26cfb3dd-3731-4fd0-a6c2-c44e3ce7498a___used_cars_in_keralaused_bikes_in_keralaautomotive_news7.jpg.jpeg,number_plate,531,512,0.295668549905838,0.5234375,0.6365348399246704,0.66015625,,,,,,"extras:null
"
http://com.dataturks.a96-i23.open.s3.amazonaws.com/2c9fafb0646e9cf9016473f1a561002a/102ac1fb-f4e7-4d48-ab76-1f30a46c1135___Uttar-PradeshAkhileshYadavnumberplate.jpg.jpeg,number_plate,300,404,0.37333333333333335,0.3069306930693069,0.7766666666666666,0.4801980198019802,,,,,,"extras:null
"
http://com.dataturks.a96-i23.open.s3.amazonaws.com/2c9fafb0646e9cf9016473f1a561002a/41209caa-2aa2-4003-b057-e0508c1d5ac9___Volkswagen-Ameo-Exterior-68165.jpg.jpeg,number_plate,600,337,0.325,0.5905044510385756,0.4666666666666667,0.6943620178041543,,,,,,"extras:null
"
http://com.dataturks.a96-i23.open.s3.amazonaws.com/2c9fafb0646e9cf9016473f1a561002a/a508ecb5-bfdd-46ba-8640-bb827b7c089c___Volkswagen-Polo.jpg.jpeg,number_plate,704,330,0.7954545454545454,0.6242424242424243,0.9517045454545454,0.7575757575757576,,,,,,"extras:null
"
http://com.dataturks.a96-i23.open.s3.amazonaws.com/2c9fafb0646e9cf9016473f1a561002a/6cd15e75-3e26-41f2-a6aa-b1b58dec1c48___volkswagen-polo-exquisite-limited-edition-m1_720x540.jpg.jpeg,number_plate,654,380,0.03058103975535168,0.6421052631578947,0.1529051987767584,0.8394736842105263,,,,,,"extras:null
"
http://com.dataturks.a96-i23.open.s3.amazonaws.com/2c9fafb0646e9cf9016473f1a561002a/52abe2c4-fde3-45b2-beec-f070e6ed98c7___Volkswagen-Vento-Rear-view-46765.jpg.jpeg,number_plate,630,353,0.3984126984126984,0.5297450424929179,0.5952380952380952,0.6628895184135978,,,,,,"extras:null
"
http://com.dataturks.a96-i23.open.s3.amazonaws.com/2c9fafb0646e9cf9016473f1a561002a/ca18d733-ec53-49d9-87aa-a9f6c52cc7bb___VW-Polo-GT-TSI-badge-on-the-grille.jpg.jpeg,number_plate,500,333,0.198,0.6156156156156156,0.818,0.933933933933934,,,,,,"extras:null
"
http://com.dataturks.a96-i23.open.s3.amazonaws.com/2c9fafb0646e9cf9016473f1a561002a/8906af57-0d29-417d-ac46-408425527b57___VW-Vento-TDI-CNG-Spy-Pic-2.jpg.jpeg,number_plate,600,430,0.4066666666666667,0.5348837209302325,0.6283333333333333,0.7069767441860465,,,,,,"extras:null
"
http://com.dataturks.a96-i23.open.s3.amazonaws.com/2c9fafb0646e9cf9016473f1a561002a/bb210ab4-795c-4b2b-9b6e-4597cbc67375___White-2BPlate.jpeg,number_plate,442,333,0.36199095022624433,0.6336336336336337,0.6447963800904978,0.7897897897897898,,,,,,"extras:null
"
http://com.dataturks.a96-i23.open.s3.amazonaws.com/2c9fafb0646e9cf9016473f1a561002a/11832b13-d514-4f1d-967c-d00e76d21e9b___Yellow-Number-Plate-With-Black-Lettering.jpg.jpeg,number_plate,602,339,0.16611295681063123,0.46017699115044247,0.44518272425249167,0.640117994100295,,,,,,"extras:null
"
http://com.dataturks.a96-i23.open.s3.amazonaws.com/2c9fafb0646e9cf9016473f1a561002a/5345a45f-8d1b-4984-b5ee-a69fc4cbda6a___new__bd7f7862-d727-11e7-ad30-e18a56154311.jpg.jpeg,number_plate,500,289,0.726,0.5743944636678201,0.87,0.698961937716263,,,,,,"extras:null
"
http://com.dataturks.a96-i23.open.s3.amazonaws.com/2c9fafb0646e9cf9016473f1a561002a/4b669e6d-4eec-4f46-b502-f64ee0175947___new_1.jpg,number_plate,499,287,0.27655310621242485,0.22996515679442509,0.9038076152304609,0.5400696864111498,,,,,,"extras:null
"
http://com.dataturks.a96-i23.open.s3.amazonaws.com/2c9fafb0646e9cf9016473f1a561002a/07bd977e-d578-49a2-b345-7cee5a4db6bf___new_1031520d1356604430-skoda-rapid-joins-family-edit-sold-wp_000281.jpg.jpeg,number_plate,500,358,0.308,0.547486033519553,0.754,0.723463687150838,,,,,,"extras:null
"
http://com.dataturks.a96-i23.open.s3.amazonaws.com/2c9fafb0646e9cf9016473f1a561002a/9ea92991-8fdf-4b46-aea1-bf08ecff247c___new_1107433d1373284570-my-modded-skoda-rapid-now-166-bhp-351-nm-119-whp-per-tonne-hdr_00005_normal.jpg.jpeg,number_plate,500,355,0.112,0.6225352112676056,0.53,0.8140845070422535,,,,,,"extras:null
"
http://com.dataturks.a96-i23.open.s3.amazonaws.com/2c9fafb0646e9cf9016473f1a561002a/acd85f93-544d-494e-b2f3-2d445937bb0b___new_1431956d1446017445-number-plates-merchandise-canvas-ink-gurgaon-edit-closed-thumb_img_4418_1024.jpg.jpeg,number_plate,474,354,0.27637130801687765,0.2937853107344633,0.8544303797468354,0.6384180790960452,,,,,,"extras:null
"
http://com.dataturks.a96-i23.open.s3.amazonaws.com/2c9fafb0646e9cf9016473f1a561002a/2adfb5e7-e70a-4749-b5fa-8c233c0d47d9___new_1572920d1478091901-your-favourite-number-plate-font-jetta-german-font.jpg.jpeg,number_plate,500,250,0.314,0.356,0.764,0.64,,,,,,"extras:null
"
http://com.dataturks.a96-i23.open.s3.amazonaws.com/2c9fafb0646e9cf9016473f1a561002a/b9467810-4022-4cf5-87e7-fed0d63c8e2f___new_1658240d1500548920-close-look-2017-skoda-octavia-facelift-hands-free-parking-front-bumper.jpg.jpeg,number_plate,500,332,0.288,0.34036144578313254,0.696,0.5993975903614458,,,,,,"extras:null
"
http://com.dataturks.a96-i23.open.s3.amazonaws.com/2c9fafb0646e9cf9016473f1a561002a/730a2f83-cd53-4943-8922-af9d4fcad415___new_2.jpg,number_plate,509,290,0.24361493123772102,0.3793103448275862,0.7858546168958742,0.7137931034482758,,,,,,"extras:null
"
http://com.dataturks.a96-i23.open.s3.amazonaws.com/2c9fafb0646e9cf9016473f1a561002a/d1115e64-987f-4a72-b9bb-853f67ca37b6___new_2014-Volkswagen-Polo-Review.jpg.jpeg,number_plate,500,354,0.286,0.6892655367231638,0.678,0.9067796610169492,,,,,,"extras:null
"
http://com.dataturks.a96-i23.open.s3.amazonaws.com/2c9fafb0646e9cf9016473f1a561002a/cf011553-f802-4b11-99ec-6e03d731b646___new_2014-VW-Polo-facelift-spied-India-rear.jpg.jpeg,number_plate,500,448,0.368,0.6808035714285714,0.778,0.8258928571428571,,,,,,"extras:null
"
http://com.dataturks.a96-i23.open.s3.amazonaws.com/2c9fafb0646e9cf9016473f1a561002a/d3d2cbaa-f24a-4cb7-a236-53fa514816b4___new_2017-Skoda-Rapid-Diesel-DSG-Review-6.jpg.jpeg,number_plate,500,336,0.474,0.30357142857142855,0.774,0.48214285714285715,,,,,,"extras:null
"
http://com.dataturks.a96-i23.open.s3.amazonaws.com/2c9fafb0646e9cf9016473f1a561002a/e77e5db3-2bc6-4223-a258-2334256be65e___new_205356-maruti-swift-torque-blue-vdi-ddis-glistening-rockstar-enters-home-img_7531.jpg.jpeg,number_plate,450,290,0.24666666666666667,0.40344827586206894,0.8688888888888889,0.7275862068965517,,,,,,"extras:null
"
http://com.dataturks.a96-i23.open.s3.amazonaws.com/2c9fafb0646e9cf9016473f1a561002a/936623d4-b47c-4da7-ab2e-6ac3cc63f861___new_216279d1481352986-silver-venom-mahindra-scorpio-s4-2016-ownership-review-wp_20161122_11_19_00_pro.jpg.jpeg,number_plate,500,274,0.36,0.4197080291970803,0.76,0.6861313868613139,,,,,,"extras:null
"
http://com.dataturks.a96-i23.open.s3.amazonaws.com/2c9fafb0646e9cf9016473f1a561002a/4434b404-dd10-4150-b226-b76b6ef95e43___new_224489195_8_1000x700_skoda-superb-2010-.jpg.jpeg,number_plate,397,247,0.3526448362720403,0.6275303643724697,0.8261964735516373,0.8582995951417004,,,,,,"extras:null
"
http://com.dataturks.a96-i23.open.s3.amazonaws.com/2c9fafb0646e9cf9016473f1a561002a/c48f8704-bc40-462a-a595-445b2f2e63fe___new_77cca4b6f3864b3928824a030ba101d2.jpg.jpeg,number_plate,418,330,0.13157894736842105,0.5787878787878787,0.46411483253588515,0.7212121212121212,,,,,,"extras:null
"
http://com.dataturks.a96-i23.open.s3.amazonaws.com/2c9fafb0646e9cf9016473f1a561002a/fbc107b7-13d8-4a2d-b8be-7c96bd7d609c___new_9214a754343030395508e104d7948167_large.jpg.jpeg,number_plate,429,450,0.21678321678321677,0.7377777777777778,0.6946386946386947,0.9022222222222223,,,,,,"extras:null
"
http://com.dataturks.a96-i23.open.s3.amazonaws.com/2c9fafb0646e9cf9016473f1a561002a/78a85f8b-de01-4036-ae91-2a1fa48bcf9f___new_995920d1349421647-cappuccino-beige-czech-tank-here-my-skoda-laura-2-0-elegance-mt-20121005_121433.jpg.jpeg,number_plate,500,333,0.282,0.6636636636636637,0.702,0.8198198198198198,,,,,,"extras:null
"
http://com.dataturks.a96-i23.open.s3.amazonaws.com/2c9fafb0646e9cf9016473f1a561002a/0073797c-a755-4972-b76b-8ef2b31d44ab___new_IMG_20160315_071740.jpg.jpeg,number_plate,500,335,0.272,0.5850746268656717,0.696,0.8298507462686567,,,,,,"extras:null
"
http://com.dataturks.a96-i23.open.s3.amazonaws.com/2c9fafb0646e9cf9016473f1a561002a/b3e82163-400b-4211-bb99-a5b53fb13a25___new_IMG_8883.jpg.jpeg,number_plate,229,140,0.10480349344978165,0.2571428571428571,0.8165938864628821,0.7428571428571429,,,,,,"extras:null
"
http://com.dataturks.a96-i23.open.s3.amazonaws.com/2c9fafb0646e9cf9016473f1a561002a/7f369852-27b9-4141-8c48-9e88b20743a6___new_Mahindra-Scorpio-Taillamps-Night.JPG.jpeg,number_plate,500,393,0.286,0.5241730279898219,0.804,0.6946564885496184,,,,,,"extras:null
"
http://com.dataturks.a96-i23.open.s3.amazonaws.com/2c9fafb0646e9cf9016473f1a561002a/a34aeb21-ffe8-4357-80d3-8f212c62c816___new_main_cropped.jpg.jpeg,number_plate,500,291,0.372,0.33676975945017185,0.726,0.5326460481099656,,,,,,"extras:null
"
http://com.dataturks.a96-i23.open.s3.amazonaws.com/2c9fafb0646e9cf9016473f1a561002a/51d58875-0bdc-4488-84d9-8b7ad5883863___new_Maruti-Suzuki-Ignis-Rear-view-94486.jpg.jpeg,number_plate,400,224,0.25,0.6383928571428571,0.545,0.8660714285714286,,,,,,"extras:null
"
http://com.dataturks.a96-i23.open.s3.amazonaws.com/2c9fafb0646e9cf9016473f1a561002a/b117ba53-d563-49c2-806b-343666616815___new_Maruti-Suzuki-recalls-75419-Baleno-cars-1961-DZire-cars-only-AGS-variant-Motown-India-Bureau-2-810.jpg.jpeg,number_plate,317,215,0.3438485804416404,0.4930232558139535,0.7413249211356467,0.7534883720930232,,,,,,"extras:null
"
http://com.dataturks.a96-i23.open.s3.amazonaws.com/2c9fafb0646e9cf9016473f1a561002a/97846647-16f1-4ee2-b260-60774a21cc74___new_Maruti-Suzuki-Swift-Dzire-1.jpg.jpeg,number_plate,330,267,0.3090909090909091,0.50187265917603,0.793939393939394,0.7490636704119851,,,,,,"extras:null
"
http://com.dataturks.a96-i23.open.s3.amazonaws.com/2c9fafb0646e9cf9016473f1a561002a/9f7c7dce-f9c9-4c95-a053-8f16e6e99466___new_new-maruti-alto-k10-2_625x300_41414071192.jpg.jpeg,number_plate,424,249,0.330188679245283,0.5983935742971888,0.7641509433962265,0.8835341365461847,,,,,,"extras:null
"
http://com.dataturks.a96-i23.open.s3.amazonaws.com/2c9fafb0646e9cf9016473f1a561002a/347c849b-6cfa-4edb-af1f-b29bdad25c4d___new_New-Volkswagen-Polo.jpg.jpeg,number_plate,249,239,0.05220883534136546,0.4895397489539749,0.5903614457831325,0.7782426778242678,,,,,,"extras:null
"
http://com.dataturks.a96-i23.open.s3.amazonaws.com/2c9fafb0646e9cf9016473f1a561002a/fc1f58f0-2f54-4545-8915-2936d08dcce1___new_Skoda_Laura_DSG_Long_Term_Review-125.jpg.jpeg,number_plate,500,366,0.344,0.6092896174863388,0.706,0.7786885245901639,,,,,,"extras:null
"
http://com.dataturks.a96-i23.open.s3.amazonaws.com/2c9fafb0646e9cf9016473f1a561002a/7073bd18-c0bf-47da-9e43-8c9d27831f11___new_Skoda-Laura-rear.jpg.jpeg,number_plate,500,333,0.368,0.45345345345345345,0.616,0.6186186186186187,,,,,,"extras:null
"
http://com.dataturks.a96-i23.open.s3.amazonaws.com/2c9fafb0646e9cf9016473f1a561002a/5c85a40f-ce81-44b4-82b2-dfdac281217d___new_Skoda-Octavia-1.8-TSI-5.jpg.jpeg,number_plate,500,332,0.334,0.608433734939759,0.628,0.7680722891566265,,,,,,"extras:null
"
http://com.dataturks.a96-i23.open.s3.amazonaws.com/2c9fafb0646e9cf9016473f1a561002a/89d26be7-258a-4470-b0fe-d1df57b20d55___new_Skoda-Octavia-5.jpg.jpeg,number_plate,586,331,0.295221843003413,0.6012084592145015,0.44197952218430037,0.7190332326283988,,,,,,"extras:null
"
http://com.dataturks.a96-i23.open.s3.amazonaws.com/2c9fafb0646e9cf9016473f1a561002a/07e787a7-6cc3-482c-9ce5-f0ce115b47f1___new_VW-Polo-GT-TSI-badges-on-the-boot-lid.jpg.jpeg,number_plate,395,147,0.04050632911392405,0.1292517006802721,0.9291139240506329,0.8571428571428571,,,,,,"extras:null
"
